{
  "rapid": 37.6655607324,
  "fast": 34.526764004700006,
  "standard": 31.387967277,
  "slow": 28.2491705493
}
