{
  "totalValue": 8910.39,
  "setts": [
    {
      "name": "wBTC/ibBTC",
      "balance": 8.57838418488e-7,
      "value": 7125.39
    },
    {
      "name": "wBTC/USDC",
      "balance": 3.4166708e-11,
      "value": 1673
    },
    {
      "name": "amWBTC/renBTC",
      "balance": 0.002715096299370975,
      "value": 112
    }
  ]
}
