{
  "totalValue": 7529.45,
  "setts": [
    {
      "name": "wBTC/ibBTC",
      "balance": 8.57828014796e-7,
      "value": 6782.67
    },
    {
      "name": "wBTC/USDC",
      "balance": 1.3536452e-11,
      "value": 641.54
    },
    {
      "name": "amWBTC/renBTC",
      "balance": 0.002699743581875215,
      "value": 105.24
    }
  ]
}
