{
  "rapid": 62.0433287964,
  "fast": 56.873051396700006,
  "standard": 51.702773997,
  "slow": 46.5324965973
}