{
  "0x0d500B1d8E8eF31E21C99d1Db9A6444d3ADf1270": 1.42,
  "0xDBf31dF14B66535aF65AaC99C32e9eA844e14501": 40739,
  "0x1BFD67037B42Cf73acF2047067bd4F2C47D9BfD6": 41306,
  "0x2791Bca1f2de4661ED88A30C99A7a9449Aa84174": 0.999144,
  "0xc2132D05D31c914a87C6611C10748AEb04B58e8F": 1,
  "0x8f3Cf7ad23Cd3CaDbD9735AFf958023239c6A063": 0.999611,
  "0x4EaC4c4e9050464067D673102F8E24b2FccEB350": 40792,
  "0x5c2ed810328349100A66B82b78a1791B101C9D61": 41113,
  "0x28424507fefb6f7f8E9D3860F56504E4e5f5f390": 3053.22,
  "0x27F8D03b3a2196956ED754baDc28D73be8830A6e": 0.999613,
  "0x1a13F4Ca1d028320A707D99520AbFefca3998b7F": 0.995721,
  "0x60D55F02A771d515e077c9C2403a1ef324885CeC": 0.995683,
  "0x172370d5Cd63279eFa6d502DAB29171933a610AF": 2.28,
  "0x1FcbE5937B0cc2adf69772D228fA4205aCF4D9b2": 9.04,
  "0x0b3F868E0BE5597D5DB7fEB59E1CADBb0fdDa50a": 3.55,
  "0x8F8e95Ff4B4c5E354ccB005c6B0278492D7B5907": 8306213581.049918,
  "0xF6a637525402643B0654a54bEAd2Cb9A83C8B498": 48975502328985.89,
  "0xE7a24EF0C5e95Ffb0f6684b813A78F2a3AD7D171": 1.0491704687059762,
  "0xf8a57c1d3b9629b77b6726a042ca48990A84Fb49": 41249.50215188961,
  "0xEa8567d84E3e54B32176418B4e0C736b56378961": 8332848652.508912,
  "0x6B2d4c4bb50274c5D4986Ff678cC971c0260E967": 50524548509319.63,
  "0x7B6bfB88904e4B3A6d239d5Ed8adF557B22C10FC": 41381.66100279853
}
