{
  "rapid": 39.609022438800004,
  "fast": 36.30827056890001,
  "standard": 33.007518699,
  "slow": 29.7067668291
}
