{
  "0x3472A5A71965499acd81997a54BBA8D852C6E53d": 4.24,
  "0x2260FAC5E5542a773Aa44fBCfeDf7C193bc2C599": 23232,
  "0xC02aaA39b223FE8D0A0e5C4F27eAD9083C756Cc2": 1564.42,
  "0xEB4C2781e4ebA804CE9a9803C67d0893436bB27D": 23375,
  "0x49849C98ae39Fff122806C06791Fa73784FB3675": 23853.55880015311,
  "0x137469B55D1f15651BA46A89D0588e97dD0B6562": 632.822917585359,
  "0xfE18be6b3Bd88A2D2A7f928d00292E7a9963CfC6": 23367,
  "0xa3BeD4E1c75D00fa6f4E5E6922DB7261B5E9AcD2": 0.15203,
  "0x945Facb997494CC2570096c74b5F66A3507330a1": 44223,
  "0x17d8CBB6Bce8cEE970a4027d1198F6700A7a6c24": 4574.82717026411,
  "0x48c59199Da51B7E30Ea200a74Ea07974e62C4bA7": 44581.116258654736,
  "0x04c90C198b2eFF55716079bc06d7CCc4aa4d7512": 7.472418437005749,
  "0x075b1bb99792c9E1041bA13afEf80C91a1e70fB3": 23718.141678536973,
  "0x8dAEBADE922dF735c38C80C7eBD708Af50815fAa": 23248,
  "0x64eda51d3Ad40D56b9dFc5554E06F94e1Dd786Fd": 23554.96730014935,
  "0x798D1bE841a82a273720CE31c822C61a67a601C3": 8378.87,
  "0x6B3595068778DD592e39A122f4f5a5cF09C90fE2": 1.48,
  "0x8798249c2E607446EfB7Ad49eC89dD1865Ff4272": 1.96,
  "0x8751D4196027d4e6DA63716fA7786B5174F04C15": 21958,
  "0xc4E15973E6fF2A35cC804c2CF9D2a1b817a8b40F": 42862,
  "0x0316EB71485b0Ab14103307bf65a021042c6d380": 23179,
  "0xb19059ebb43466C323583928285a49f558E572Fd": 23573.420769170774,
  "0x5228a22e72ccC52d415EcFd199F99D0665E7733b": 23305,
  "0xDE5331AC4B3630f94853Ff322B66407e0D6331E8": 23554.79284622673,
  "0x8064d9Ae6cDf087b1bcd5BDf3531bD5d8C537a68": 44149,
  "0x2fE94ea3d5d4a175184081439753DE15AeF9d614": 35713.79925665141,
  "0x9BE89D2a4cd102D8Fecc6BF9dA793be995C22541": 23298,
  "0xC0c293ce456fF0ED870ADd98a0828Dd4d2903DBF": 3.42,
  "0x616e8BfA43F920657B3497DBf40D6b1A02D4608d": 14.244368322106963,
  "0x410e3E86ef427e30B9235497143881f717d93c2A": 23577.7245125847,
  "0xFbdCA68601f835b27790D98bbb8eC7f05FDEaA9B": 22647.32803187398,
  "0xD533a949740bb3306d119CC777fa900bA034cd52": 1.26,
  "0x6B175474E89094C44Da98b954EedeAC495271d0F": 0.994897,
  "0xA0b86991c6218b36c1d19D4a2e9Eb0cE3606eB48": 0.993853,
  "0x853d955aCEf822Db058eb8505911ED77F175b99e": 0.996444,
  "0xa47c8bf37f92aBed4A126BDA807A7b7498661acD": 0.04332218,
  "0xa693B19d2931d498c5B318dF961919BB4aee87a5": 0.04752638,
  "0x99D8a9C45b2ecA8864373A26D1459e3Dff1e17F3": 0.989111,
  "0xdAC17F958D2ee523a2206206994597C13D831ec7": 0.997376,
  "0x4e3FBD56CD56c3e72c1403e103b45Db9da5B9D2B": 7.45,
  "0x62B9c7356A2Dc64a1969e19C23e4f579F9810Aa7": 1.23,
  "0x6c3F90f043a72FA612cbac8115EE7e52BDe6E490": 1.020784901088109,
  "0x5a6A4D54456819380173272A5E8E9B9904BdF41B": 1.0045205605901213,
  "0xd632f22692FaC7611d2AA1C0D552930D43CAEd3B": 1.0093950387373085,
  "0xBC19712FEB3a26080eBf6f2F7849b417FdD792CA": 0.01036843,
  "0x3c9d6c1C73b31c837832c72E04D3152f051fc1A9": 119.86,
  "0x89Ab32156e46F46D02ade3FEcbe5Fc4243B9AAeD": 0.308695,
  "0x85Eee30c52B0b379b046Fb0F85F4f3Dc3009aFEC": 0.189239,
  "0xcA3d75aC011BF5aD07a98d02f18225F9bD9A6BDF": 1015.7974032148876,
  "0xc4AD29ba4B3c580e6D59105FFf484999997675Ff": 1017.7134215594622,
  "0x110492b31c59716AC47337E616804E3E3AdC0b4a": 72771933.25863308,
  "0x9a13867048e01c663ce8Ce2fE0cDAE69Ff9F35E3": 29996507208685.957,
  "0xCEfF51756c56CeFFCA006cD410B03FFC46dd3a58": 30131087779.98213,
  "0x18d98D452072Ac2EB7b74ce3DB723374360539f1": 6679123408.27812,
  "0xcD7989894bc033581532D2cd88Da5db0A4b12859": 79248449.652796,
  "0xE86204c4eDDd2f70eE00EAd6805f917671F56c52": 35202960016654.38,
  "0xa0246c9032bC3A600820415aE600c6388619A14D": 47.09,
  "0x20c36f062a31865bED8a5B1e512D9a1A20AA333A": 0.01979967,
  "0x090185f2135308BaD17527004364eBcC2D37e5F6": 0.00106304,
  "0x3432B6A60D23Ca0dFCa7761B7ab56459D9C964D0": 6.57,
  "0xba100000625a3754423978a60c9317c58a424e3D": 5.71,
  "0x804CdB9116a10bB78768D3252355a1b18067bF8f": 1.01,
  "0x9210F1204b5a24742Eba12f710636D76240dF3d0": 0.999809,
  "0x2BBf681cC4eb09218BEe85EA2a5d3D13Fa40fC0C": 1.036,
  "0xaF0b1FDf9c6BfeC7b3512F207553c0BA00D7f1A2": 1112.1904761904761,
  "0xa0FFfb6b575045f215432b3158Ffd0A9ee0454B9": 11504.567650515468,
  "0xFEEf77d3f69374f66429C91d732A244f074bdf74": 6.344878397787533,
  "0xb460DAa847c45f1C4a41cb05BFB3b51c92e41B36": 19.693120637895877,
  "0x5c6Ee304399DBdB9C8Ef030aB642B10820DB8F56": 14.77107175782839,
  "0x7B50775383d3D6f0215A8F290f2C9e2eEBBEceb2": 1.0239940268043135,
  "0x0578292CB20a443bA1CdE459c985CE14Ca2bDEe5": 43.13950116651736,
  "0x19D97D8fA813EE2f51aD4B4e04EA08bAf4DFfC28": 5.260595993761253,
  "0x6aF7377b5009d7d154F36FE9e235aE1DA27Aea22": 1757.4749929814354,
  "0x7e7E112A68d8D2E221E11047a72fFC1065c38e1a": 1643.5649737542772,
  "0xC17078FDd324CC473F8175Dc5290fae5f2E84714": 58371484253928.42,
  "0x235c9e24D3FB2FAFd58a2E49D454Fdcd2DBf7FF1": 143019622.60254863,
  "0x758A43EE2BFf8230eeb784879CdcFF4828F2544D": 29952406927.197937,
  "0x8a8FFec8f4A0C8c9585Da95D9D97e8Cd6de273DE": 6668197357.152938,
  "0x1862A18181346EBd9EdAf800804f89190DeF24a5": 101966706.88004714,
  "0x88128580ACdD9c04Ce47AFcE196875747bF2A9f6": 51635740871243.76,
  "0x6dEf55d2e18486B9dDfaA075bc4e4EE0B28c1545": 24069.6380396327,
  "0xd04c48A53c111300aD41190D63681ed3dAd998eC": 23965.933401139446,
  "0xb9D076fDe463dbc9f915E5392F807315Bf940334": 24241.940177341807,
  "0xAf5A1DECfa95BAF63E0084a35c62592B774A2A87": 24444.847636162987,
  "0xaE96fF08771a109dc6650a1BdCa62F2d558E40af": 22642.325443060043,
  "0x4b92d19c11435614CD49Af1b589001b7c08cD4D5": 23846.885897800003,
  "0x8c76970747afd5398e958bDfadA4cf0B9FcA16c4": 23552.445871076692,
  "0x55912D0Cf83B75c492E761932ABc4DB4a5CB1b17": 23520.905284624438,
  "0xf349c0faA80fC1870306Ac093f75934078e28991": 35909.27855477376,
  "0x5Dce29e92b1b939F8E8C60DcF15BDE82A85be4a9": 23809.079667775688,
  "0x19E4d89e0cB807ea21B8CEF02df5eAA99A110dA5": 1.0035823277678564,
  "0x15cBC4ac1e81c97667780fE6DAdeDd04a6EEB47B": 1.0080178950622651,
  "0xBE08Ef12e4a553666291E9fFC24fCCFd354F2Dd2": 1098.1727466682742,
  "0x27E98fC7d05f54E544d16F58C194C2D7ba71e3B5": 1034.5855207222035,
  "0x53C8E199eb2Cb7c01543C137078a038937a68E40": 8.196575465819159,
  "0xfd05D3C7fe2924020620A8bE4961bBaA747e6305": 7.48,
  "0x2B5455aac8d64C14786c3a29858E43b5945819C0": 1.8743197275449939,
  "0x599D92B453C010b1050d31C364f6ee17E819f193": 4611.32686727604,
  "0x26B8efa69603537AC8ab55768b6740b67664D518": 45166.223844077336,
  "0x937B8E917d0F36eDEBBA8E459C5FB16F3b315551": 7.441689749323996,
  "0xeC1c717A3b02582A4Aa2275260C583095536b613": 630.6080267383544,
  "0xBA485b556399123261a5F9c95d413B4f93107407": 3.4857763053099413,
  "0x37d9D2C6035b744849C15F1BFEE8F268a20fCBd8": 12.125286439053252,
  "0x06D756861De0724FAd5B5636124e0f252d3C1404": 1.0014000218235908,
  "0xf8f5677B6bCecdb9be94AE8f6770a05a6C53C378": 0,
  "0x63ad745506BD6a3E57F764409A47ed004BEc40b1": 0
}