{
  "0x3472A5A71965499acd81997a54BBA8D852C6E53d": 9.06,
  "0x2260FAC5E5542a773Aa44fBCfeDf7C193bc2C599": 40349,
  "0xC02aaA39b223FE8D0A0e5C4F27eAD9083C756Cc2": 3021.34,
  "0xEB4C2781e4ebA804CE9a9803C67d0893436bB27D": 40234,
  "0x49849C98ae39Fff122806C06791Fa73784FB3675": 41020.485986309664,
  "0x137469B55D1f15651BA46A89D0588e97dD0B6562": 1209.5035570031803,
  "0xfE18be6b3Bd88A2D2A7f928d00292E7a9963CfC6": 40185,
  "0xa3BeD4E1c75D00fa6f4E5E6922DB7261B5E9AcD2": 0.39763,
  "0x945Facb997494CC2570096c74b5F66A3507330a1": 44223,
  "0x17d8CBB6Bce8cEE970a4027d1198F6700A7a6c24": 4564.7056936899935,
  "0x48c59199Da51B7E30Ea200a74Ea07974e62C4bA7": 44544.905003530956,
  "0x04c90C198b2eFF55716079bc06d7CCc4aa4d7512": 28.47497782871695,
  "0x075b1bb99792c9E1041bA13afEf80C91a1e70fB3": 40681.856260784734,
  "0x8dAEBADE922dF735c38C80C7eBD708Af50815fAa": 37741,
  "0x64eda51d3Ad40D56b9dFc5554E06F94e1Dd786Fd": 39993.860758760165,
  "0x798D1bE841a82a273720CE31c822C61a67a601C3": 23503,
  "0x99F39D495C6A5237f43602f3Ab5F49786E46c9B0": 23484,
  "0x6B3595068778DD592e39A122f4f5a5cF09C90fE2": 3.28,
  "0x8798249c2E607446EfB7Ad49eC89dD1865Ff4272": 4.19,
  "0x8751D4196027d4e6DA63716fA7786B5174F04C15": 39871,
  "0xc4E15973E6fF2A35cC804c2CF9D2a1b817a8b40F": 42862,
  "0x0316EB71485b0Ab14103307bf65a021042c6d380": 40345,
  "0xb19059ebb43466C323583928285a49f558E572Fd": 40663.138374830996,
  "0x5228a22e72ccC52d415EcFd199F99D0665E7733b": 41762,
  "0xDE5331AC4B3630f94853Ff322B66407e0D6331E8": 41420.46337283927,
  "0x8064d9Ae6cDf087b1bcd5BDf3531bD5d8C537a68": 44149,
  "0x2fE94ea3d5d4a175184081439753DE15AeF9d614": 42598.97604032541,
  "0x9BE89D2a4cd102D8Fecc6BF9dA793be995C22541": 40297,
  "0x410e3E86ef427e30B9235497143881f717d93c2A": 40640.725264987945,
  "0xFbdCA68601f835b27790D98bbb8eC7f05FDEaA9B": 40106.19889346418,
  "0xD533a949740bb3306d119CC777fa900bA034cd52": 2.21,
  "0x6B175474E89094C44Da98b954EedeAC495271d0F": 1,
  "0xA0b86991c6218b36c1d19D4a2e9Eb0cE3606eB48": 1,
  "0x853d955aCEf822Db058eb8505911ED77F175b99e": 1,
  "0x99D8a9C45b2ecA8864373A26D1459e3Dff1e17F3": 0.99965,
  "0xdAC17F958D2ee523a2206206994597C13D831ec7": 1,
  "0x4e3FBD56CD56c3e72c1403e103b45Db9da5B9D2B": 28.45,
  "0x62B9c7356A2Dc64a1969e19C23e4f579F9810Aa7": 2.22,
  "0x6c3F90f043a72FA612cbac8115EE7e52BDe6E490": 1.0205974200829724,
  "0x5a6A4D54456819380173272A5E8E9B9904BdF41B": 1.0051357167002704,
  "0xd632f22692FaC7611d2AA1C0D552930D43CAEd3B": 1.0073572258040762,
  "0xBC19712FEB3a26080eBf6f2F7849b417FdD792CA": 0.03592687,
  "0x3c9d6c1C73b31c837832c72E04D3152f051fc1A9": 375.78,
  "0x89Ab32156e46F46D02ade3FEcbe5Fc4243B9AAeD": 0.572853,
  "0x85Eee30c52B0b379b046Fb0F85F4f3Dc3009aFEC": 0.542995,
  "0xcA3d75aC011BF5aD07a98d02f18225F9bD9A6BDF": 1509.1285920481846,
  "0xc4AD29ba4B3c580e6D59105FFf484999997675Ff": 1502.390357060306,
  "0x110492b31c59716AC47337E616804E3E3AdC0b4a": 136339870.3519852,
  "0x9a13867048e01c663ce8Ce2fE0cDAE69Ff9F35E3": 65467601106066.72,
  "0xCEfF51756c56CeFFCA006cD410B03FFC46dd3a58": 54424591891.549065,
  "0x18d98D452072Ac2EB7b74ce3DB723374360539f1": 8396656942.887504,
  "0xcD7989894bc033581532D2cd88Da5db0A4b12859": 148161849.33001038,
  "0xE86204c4eDDd2f70eE00EAd6805f917671F56c52": 76311741179972.6,
  "0xa0246c9032bC3A600820415aE600c6388619A14D": 92.46,
  "0x20c36f062a31865bED8a5B1e512D9a1A20AA333A": 0.03773811,
  "0x090185f2135308BaD17527004364eBcC2D37e5F6": 0.00416121,
  "0x19D97D8fA813EE2f51aD4B4e04EA08bAf4DFfC28": 11.163330465634207,
  "0x6aF7377b5009d7d154F36FE9e235aE1DA27Aea22": 3110.671812581171,
  "0x7e7E112A68d8D2E221E11047a72fFC1065c38e1a": 4516.507526306029,
  "0xC17078FDd324CC473F8175Dc5290fae5f2E84714": 127238487920362.7,
  "0x235c9e24D3FB2FAFd58a2E49D454Fdcd2DBf7FF1": 268622859.8742687,
  "0x758A43EE2BFf8230eeb784879CdcFF4828F2544D": 54395547453.72455,
  "0x8a8FFec8f4A0C8c9585Da95D9D97e8Cd6de273DE": 8392329289.8303795,
  "0x1862A18181346EBd9EdAf800804f89190DeF24a5": 191919026.29339337,
  "0x88128580ACdD9c04Ce47AFcE196875747bF2A9f6": 113322687916738.78,
  "0x6dEf55d2e18486B9dDfaA075bc4e4EE0B28c1545": 41599.19661492396,
  "0xd04c48A53c111300aD41190D63681ed3dAd998eC": 41280.00325010256,
  "0xb9D076fDe463dbc9f915E5392F807315Bf940334": 41186.46187274145,
  "0xAf5A1DECfa95BAF63E0084a35c62592B774A2A87": 42156.60531326497,
  "0xaE96fF08771a109dc6650a1BdCa62F2d558E40af": 40106.19889346418,
  "0x4b92d19c11435614CD49Af1b589001b7c08cD4D5": 41182.163676569995,
  "0x8c76970747afd5398e958bDfadA4cf0B9FcA16c4": 40829.22836644461,
  "0x55912D0Cf83B75c492E761932ABc4DB4a5CB1b17": 41584.72484317672,
  "0xf349c0faA80fC1870306Ac093f75934078e28991": 42837.59379494928,
  "0x5Dce29e92b1b939F8E8C60DcF15BDE82A85be4a9": 41148.882252076415,
  "0x19E4d89e0cB807ea21B8CEF02df5eAA99A110dA5": 1.0051271072556225,
  "0x15cBC4ac1e81c97667780fE6DAdeDd04a6EEB47B": 1.0073457492534605,
  "0xBE08Ef12e4a553666291E9fFC24fCCFd354F2Dd2": 1636.2192072206892,
  "0x27E98fC7d05f54E544d16F58C194C2D7ba71e3B5": 1525.9857725036074,
  "0x53C8E199eb2Cb7c01543C137078a038937a68E40": 31.153561563267203,
  "0xfd05D3C7fe2924020620A8bE4961bBaA747e6305": 28.43,
  "0x2B5455aac8d64C14786c3a29858E43b5945819C0": 3.142461910489546,
  "0x599D92B453C010b1050d31C364f6ee17E819f193": 4601.124637743501,
  "0x26B8efa69603537AC8ab55768b6740b67664D518": 45129.537332122214,
  "0x937B8E917d0F36eDEBBA8E459C5FB16F3b315551": 28.47497782871695,
  "0xeC1c717A3b02582A4Aa2275260C583095536b613": 1210.8638946478452
}