{
  "0x3472A5A71965499acd81997a54BBA8D852C6E53d": 9.01,
  "0x2260FAC5E5542a773Aa44fBCfeDf7C193bc2C599": 41248,
  "0xC02aaA39b223FE8D0A0e5C4F27eAD9083C756Cc2": 3027.23,
  "0xEB4C2781e4ebA804CE9a9803C67d0893436bB27D": 40681,
  "0x49849C98ae39Fff122806C06791Fa73784FB3675": 41617.15871610328,
  "0x137469B55D1f15651BA46A89D0588e97dD0B6562": 1220.8867208776433,
  "0xfE18be6b3Bd88A2D2A7f928d00292E7a9963CfC6": 41176,
  "0xa3BeD4E1c75D00fa6f4E5E6922DB7261B5E9AcD2": 0.382748,
  "0x945Facb997494CC2570096c74b5F66A3507330a1": 44223,
  "0x17d8CBB6Bce8cEE970a4027d1198F6700A7a6c24": 4564.779357619048,
  "0x48c59199Da51B7E30Ea200a74Ea07974e62C4bA7": 44549.49614744232,
  "0x04c90C198b2eFF55716079bc06d7CCc4aa4d7512": 29.448930493078894,
  "0x075b1bb99792c9E1041bA13afEf80C91a1e70fB3": 41476.98942646088,
  "0x8dAEBADE922dF735c38C80C7eBD708Af50815fAa": 38974,
  "0x64eda51d3Ad40D56b9dFc5554E06F94e1Dd786Fd": 40817.18895611255,
  "0x798D1bE841a82a273720CE31c822C61a67a601C3": 19436.15,
  "0x99F39D495C6A5237f43602f3Ab5F49786E46c9B0": 19436.15,
  "0x6B3595068778DD592e39A122f4f5a5cF09C90fE2": 3.53,
  "0x8798249c2E607446EfB7Ad49eC89dD1865Ff4272": 4.52,
  "0x8751D4196027d4e6DA63716fA7786B5174F04C15": 40792,
  "0xc4E15973E6fF2A35cC804c2CF9D2a1b817a8b40F": 42862,
  "0x0316EB71485b0Ab14103307bf65a021042c6d380": 164859,
  "0xb19059ebb43466C323583928285a49f558E572Fd": 109606.31628562073,
  "0x5228a22e72ccC52d415EcFd199F99D0665E7733b": 40769,
  "0xDE5331AC4B3630f94853Ff322B66407e0D6331E8": 41123.63231485457,
  "0x8064d9Ae6cDf087b1bcd5BDf3531bD5d8C537a68": 44149,
  "0x2fE94ea3d5d4a175184081439753DE15AeF9d614": 42967.989280621645,
  "0x9BE89D2a4cd102D8Fecc6BF9dA793be995C22541": 41124,
  "0x410e3E86ef427e30B9235497143881f717d93c2A": 41471.81951999384,
  "0xFbdCA68601f835b27790D98bbb8eC7f05FDEaA9B": 40965.27465085898,
  "0xD533a949740bb3306d119CC777fa900bA034cd52": 2.27,
  "0x6B175474E89094C44Da98b954EedeAC495271d0F": 0.999644,
  "0xA0b86991c6218b36c1d19D4a2e9Eb0cE3606eB48": 0.999354,
  "0x853d955aCEf822Db058eb8505911ED77F175b99e": 0.999627,
  "0x99D8a9C45b2ecA8864373A26D1459e3Dff1e17F3": 0.998241,
  "0xdAC17F958D2ee523a2206206994597C13D831ec7": 1,
  "0x4e3FBD56CD56c3e72c1403e103b45Db9da5B9D2B": 29.39,
  "0x62B9c7356A2Dc64a1969e19C23e4f579F9810Aa7": 2.3,
  "0x6c3F90f043a72FA612cbac8115EE7e52BDe6E490": 1.0202507846058644,
  "0x5a6A4D54456819380173272A5E8E9B9904BdF41B": 1.0043135538422006,
  "0xd632f22692FaC7611d2AA1C0D552930D43CAEd3B": 1.0071298623361917,
  "0xBC19712FEB3a26080eBf6f2F7849b417FdD792CA": 0.03441035,
  "0x3c9d6c1C73b31c837832c72E04D3152f051fc1A9": 355.12,
  "0x89Ab32156e46F46D02ade3FEcbe5Fc4243B9AAeD": 0.557908,
  "0x85Eee30c52B0b379b046Fb0F85F4f3Dc3009aFEC": 0.525282,
  "0xcA3d75aC011BF5aD07a98d02f18225F9bD9A6BDF": 1521.9586198168552,
  "0xc4AD29ba4B3c580e6D59105FFf484999997675Ff": 1514.8526619301206,
  "0x110492b31c59716AC47337E616804E3E3AdC0b4a": 137666533.68734708,
  "0x9a13867048e01c663ce8Ce2fE0cDAE69Ff9F35E3": 60234245727476.88,
  "0xCEfF51756c56CeFFCA006cD410B03FFC46dd3a58": 55102802763.07963,
  "0x18d98D452072Ac2EB7b74ce3DB723374360539f1": 8487495013.920563,
  "0xcD7989894bc033581532D2cd88Da5db0A4b12859": 149591967.05627123,
  "0xE86204c4eDDd2f70eE00EAd6805f917671F56c52": 70212051737704.84,
  "0xa0246c9032bC3A600820415aE600c6388619A14D": 95.23,
  "0x20c36f062a31865bED8a5B1e512D9a1A20AA333A": 0.03779823,
  "0x090185f2135308BaD17527004364eBcC2D37e5F6": 0.00409121,
  "0x19D97D8fA813EE2f51aD4B4e04EA08bAf4DFfC28": 11.126284014973917,
  "0x6aF7377b5009d7d154F36FE9e235aE1DA27Aea22": 3100.3487866544633,
  "0x7e7E112A68d8D2E221E11047a72fFC1065c38e1a": 3738.013871595955,
  "0xC17078FDd324CC473F8175Dc5290fae5f2E84714": 117130493022382.8,
  "0x235c9e24D3FB2FAFd58a2E49D454Fdcd2DBf7FF1": 270913657.974244,
  "0x758A43EE2BFf8230eeb784879CdcFF4828F2544D": 55102802763.07963,
  "0x8a8FFec8f4A0C8c9585Da95D9D97e8Cd6de273DE": 8487495013.920563,
  "0x1862A18181346EBd9EdAf800804f89190DeF24a5": 193570705.22583094,
  "0x88128580ACdD9c04Ce47AFcE196875747bF2A9f6": 104319568824105.61,
  "0x6dEf55d2e18486B9dDfaA075bc4e4EE0B28c1545": 42196.69255901324,
  "0xd04c48A53c111300aD41190D63681ed3dAd998eC": 42088.59194969868,
  "0xb9D076fDe463dbc9f915E5392F807315Bf940334": 42037.78021854048,
  "0xAf5A1DECfa95BAF63E0084a35c62592B774A2A87": 42762.106998482566,
  "0xaE96fF08771a109dc6650a1BdCa62F2d558E40af": 40964.833544186535,
  "0x4b92d19c11435614CD49Af1b589001b7c08cD4D5": 42106.871607149995,
  "0x8c76970747afd5398e958bDfadA4cf0B9FcA16c4": 110102.96550097331,
  "0x55912D0Cf83B75c492E761932ABc4DB4a5CB1b17": 41282.67699008037,
  "0xf349c0faA80fC1870306Ac093f75934078e28991": 43208.214905392706,
  "0x5Dce29e92b1b939F8E8C60DcF15BDE82A85be4a9": 41739.9098588608,
  "0x19E4d89e0cB807ea21B8CEF02df5eAA99A110dA5": 1.0043268472822378,
  "0x15cBC4ac1e81c97667780fE6DAdeDd04a6EEB47B": 1.0068417444969893,
  "0xBE08Ef12e4a553666291E9fFC24fCCFd354F2Dd2": 1650.729812612167,
  "0x27E98fC7d05f54E544d16F58C194C2D7ba71e3B5": 1539.780615449805,
  "0x53C8E199eb2Cb7c01543C137078a038937a68E40": 32.20552846797127,
  "0xfd05D3C7fe2924020620A8bE4961bBaA747e6305": 29.39,
  "0x2B5455aac8d64C14786c3a29858E43b5945819C0": 3.269280729508039,
  "0x599D92B453C010b1050d31C364f6ee17E819f193": 4601.198889391171,
  "0x26B8efa69603537AC8ab55768b6740b67664D518": 45134.18873278248,
  "0x937B8E917d0F36eDEBBA8E459C5FB16F3b315551": 29.458020720924953,
  "0xeC1c717A3b02582A4Aa2275260C583095536b613": 1220.8867208776433
}
