{
  "address": "0xa967ba66fb284ec18bbe59f65bcf42dd11ba8128",
  "value": 11496.154984907296,
  "earned": 754925597.5570157,
  "earnedBtc": 0.001999659940940272,
  "roi": 65664.70393682884,
  "projectedEarnings": {
    "0": 0,
    "1": 0,
    "2": 0,
    "3": 0
  },
  "stakingEarned": 33984.06117899142,
  "stakingRoi": 0,
  "lockingEarned": 754891613.4958366,
  "lockingRoi": 65664.70393682884
}